source,target
0,32
0,63
0,108
0,130
0,234
0,251
0,328
0,330
0,340
0,346
0,371
0,372
0,407
0,433
0,447
0,469
0,497
0,498
0,512
0,621
0,724
0,739
1,10
1,32
1,34
1,64
1,65
1,69
1,112
1,140
1,141
1,145
1,208
1,301
1,311
1,320
1,370
1,388
1,428
1,451
1,533
1,538
1,567
1,585
1,590
1,604
1,668
1,669
1,672
2,71
2,124
2,203
2,238
2,326
2,333
2,421
2,491
3,178
3,245
3,271
3,329
3,340
3,384
3,490
3,577
3,716
4,135
4,142
4,318
4,389
4,483
4,550
4,636
4,718
4,727
5,11
5,38
5,95
5,299
5,471
5,526
5,608
6,15
6,55
6,163
6,268
6,292
6,409
6,431
6,511
6,630
6,704
6,731
7,64
7,158
7,196
7,202
7,206
7,221
7,241
7,349
7,354
7,405
7,422
7,455
7,522
7,548
7,578
7,594
7,632
7,637
7,682
7,721
7,737
7,742
8,12
8,52
8,68
8,69
8,85
8,89
8,244
8,343
8,378
8,507
8,570
8,652
8,661
8,696
8,712
9,38
9,99
9,115
9,233
9,238
9,331
9,394
9,421
9,475
9,503
10,88
10,116
10,146
10,157
10,159
10,177
10,222
10,223
10,256
10,293
10,297
10,313
10,340
10,365
10,420
10,464
10,501
10,523
10,585
10,590
10,605
10,648
10,665
10,704
10,734
11,124
11,138
11,452
11,542
11,577
11,608
11,681
11,701
12,33
12,51
12,89
12,97
12,105
12,117
12,138
12,241
12,273
12,310
12,327
12,334
12,342
12,355
12,378
12,412
12,463
12,553
12,576
12,661
12,707
12,745
13,20
13,90
13,93
13,98
13,131
13,492
13,497
13,643
13,693
13,717
13,735
14,29
14,35
14,160
14,178
14,305
14,346
14,371
14,419
14,456
14,492
14,499
14,506
14,544
14,577
14,643
14,717
15,159
15,204
15,239
15,345
15,385
15,431
15,501
15,624
15,736
16,26
16,91
16,125
16,148
16,158
16,159
16,208
16,334
16,449
16,523
16,531
16,655
16,670
16,677
16,724
16,747
17,208
17,222
17,406
17,428
17,451
17,464
17,647
17,648
17,677
17,702
18,34
18,65
18,125
18,147
18,161
18,197
18,233
18,281
18,329
18,441
18,675
18,676
18,697
18,716
19,49
19,60
19,84
19,143
19,203
19,247
19,264
19,320
19,388
19,457
19,474
19,513
19,518
19,586
19,658
20,29
20,87
20,104
20,189
20,229
20,341
20,426
20,433
20,434
20,625
20,639
20,644
21,68
21,90
21,137
21,157
21,163
21,219
21,239
21,244
21,309
21,311
21,333
21,379
21,443
21,484
21,553
21,698
21,726
21,749
22,31
22,37
22,92
22,113
22,114
22,411
22,418
22,511
22,631
22,659
23,29
23,32
23,131
23,136
23,202
23,266
23,282
23,312
23,329
23,355
23,383
23,403
23,495
23,548
23,552
23,558
23,562
23,565
23,579
23,600
23,621
23,636
23,639
23,654
23,710
24,87
24,96
24,104
24,229
24,346
24,380
24,384
24,507
24,633
24,735
25,57
25,97
25,187
25,199
25,261
25,394
25,404
25,492
25,516
25,568
25,575
26,32
26,110
26,155
26,330
26,417
26,428
26,447
26,501
26,531
26,552
26,572
26,585
26,590
26,648
27,73
27,88
27,116
27,118
27,133
27,159
27,188
27,323
27,374
27,377
27,406
27,414
27,474
27,481
27,630
27,665
27,670
27,671
27,692
27,704
27,709
28,83
28,153
28,198
28,385
28,558
28,616
28,723
28,726
28,742
29,31
29,53
29,108
29,128
29,171
29,230
29,297
29,305
29,313
29,340
29,369
29,414
29,478
29,490
29,492
29,493
29,497
29,544
29,615
29,616
29,639
29,643
29,676
29,689
29,699
30,54
30,183
30,259
30,263
30,287
30,297
30,314
30,407
30,409
30,434
30,456
30,481
30,485
30,511
30,518
30,532
30,601
30,624
30,680
30,726
30,727
30,734
31,82
31,113
31,183
31,212
31,215
31,265
31,290
31,339
31,369
31,399
31,404
31,413
31,417
31,418
31,425
31,478
31,489
31,548
31,585
31,608
31,615
31,616
31,637
31,712
31,723
31,732
32,85
32,147
32,211
32,340
32,357
32,406
32,538
32,566
33,48
33,52
33,69
33,78
33,124
33,219
33,220
33,427
33,439
33,453
33,484
33,488
33,532
33,538
33,574
33,587
33,659
33,676
33,686
34,48
34,124
34,306
34,437
34,441
34,513
34,538
34,564
35,178
35,194
35,198
35,380
35,581
35,746
35,748
36,90
36,328
36,341
36,380
36,434
36,455
36,526
36,584
36,593
36,644
36,716
36,730
37,84
37,114
37,123
37,399
37,612
37,676
37,695
38,71
38,226
38,292
38,358
38,438
38,591
38,738
39,64
39,161
39,168
39,209
39,232
39,237
39,240
39,247
39,285
39,327
39,409
39,427
39,431
39,454
39,457
39,488
39,532
39,587
39,622
39,652
39,667
39,717
39,745
40,49
40,65
40,82
40,86
40,231
40,252
40,334
40,366
40,399
40,404
40,472
40,612
40,710
41,137
41,278
41,297
41,350
41,426
41,460
41,481
41,736
42,170
42,251
42,348
42,354
42,379
42,406
42,444
42,522
42,661
43,99
43,100
43,150
43,290
43,320
43,385
43,446
43,492
43,495
43,508
43,690
43,721
43,726
44,68
44,95
44,116
44,118
44,135
44,223
44,246
44,289
44,307
44,370
44,404
44,416
44,464
44,512
44,520
44,525
44,572
44,585
44,648
44,663
44,722
44,735
45,110
45,191
45,345
45,417
45,516
45,585
45,677
45,702
45,704
45,735
46,96
46,104
46,113
46,139
46,170
46,197
46,251
46,269
46,277
46,317
46,352
46,392
46,402
46,422
46,444
46,467
46,500
46,510
46,544
46,584
46,644
46,650
46,689
46,721
46,730
46,735
47,91
47,118
47,149
47,158
47,323
47,345
47,414
47,493
47,525
47,635
48,53
48,142
48,237
48,254
48,306
48,329
48,403
48,466
48,469
48,522
48,538
48,577
48,586
48,638
48,686
48,716
48,730
49,69
49,95
49,101
49,108
49,142
49,219
49,260
49,276
49,281
49,287
49,341
49,369
49,411
49,426
49,429
49,457
49,540
49,548
49,604
49,629
49,676
49,697
50,216
50,230
50,276
50,399
50,425
50,437
50,520
50,676
50,685
50,695
51,188
51,199
51,232
51,315
51,334
51,367
51,387
51,395
51,406
51,463
51,502
51,507
51,551
51,570
51,631
51,651
51,661
51,677
51,691
52,90
52,273
52,281
52,507
52,698
52,744
53,81
53,108
53,255
53,319
53,329
53,340
53,341
53,418
53,478
53,492
53,631
53,644
53,659
53,713
53,735
54,81
54,91
54,97
54,263
54,271
54,297
54,340
54,408
54,450
54,459
54,473
54,507
54,556
54,603
54,627
54,646
54,648
54,689
55,160
55,174
55,287
55,292
55,352
55,368
55,374
55,423
55,496
55,497
55,511
55,543
55,635
55,699
56,76
56,186
56,238
56,241
56,294
56,300
56,508
56,529
56,563
56,705
56,732
57,74
57,80
57,195
57,257
57,259
57,267
57,275
57,286
57,319
57,344
57,453
57,473
57,628
57,657
58,98
58,320
58,364
58,442
58,491
58,520
58,571
58,681
59,170
59,253
59,269
59,298
59,393
59,395
59,422
59,502
59,679
59,737
60,66
60,112
60,210
60,236
60,279
60,336
60,421
60,430
60,567
60,658
60,722
61,90
61,133
61,157
61,172
61,188
61,233
61,235
61,278
61,287
61,367
61,374
61,382
61,390
61,511
61,532
61,553
61,554
61,576
61,698
61,742
62,219
62,247
62,248
62,436
62,513
62,658
62,660
62,668
62,678
63,93
63,104
63,130
63,139
63,158
63,165
63,199
63,226
63,307
63,325
63,384
63,390
63,435
63,455
63,469
63,545
63,560
63,613
63,625
63,721
63,730
64,65
64,111
64,265
64,283
64,336
64,383
64,389
64,477
64,531
64,571
64,687
64,721
64,722
65,69
65,84
65,161
65,191
65,227
65,237
65,247
65,371
65,437
65,531
65,538
65,616
65,618
65,659
66,69
66,78
66,145
66,168
66,175
66,187
66,188
66,203
66,235
66,270
66,304
66,310
66,342
66,351
66,367
66,378
66,530
66,536
66,538
66,564
66,744
67,121
67,128
67,251
67,391
67,560
67,593
67,693
67,716
68,89
68,97
68,117
68,172
68,184
68,208
68,240
68,255
68,281
68,310
68,324
68,340
68,343
68,346
68,449
68,462
68,554
68,566
68,604
68,609
68,635
68,667
68,669
68,672
68,684
68,724
69,117
69,143
69,152
69,157
69,162
69,264
69,311
69,333
69,336
69,382
69,436
69,441
69,445
69,463
69,553
69,554
69,631
69,659
69,678
69,707
69,718
69,745
69,749
70,152
70,292
70,316
70,358
70,365
70,421
70,423
70,471
70,526
70,571
70,588
70,715
71,85
71,128
71,141
71,146
71,151
71,159
71,221
71,301
71,365
71,377
71,447
71,471
71,475
71,480
71,519
71,528
71,573
71,604
71,671
71,672
71,701
71,702
72,78
72,152
72,201
72,280
72,281
72,321
72,327
72,442
72,462
72,536
72,698
73,200
73,204
73,259
73,287
73,352
73,561
73,630
73,742
74,97
74,111
74,126
74,199
74,225
74,318
74,344
74,479
74,550
74,568
74,602
75,156
75,170
75,181
75,361
75,363
75,469
75,524
75,537
75,615
75,674
75,695
76,77
76,217
76,238
76,265
76,417
76,448
76,614
76,642
76,654
76,711
76,742
76,744
77,312
77,369
77,742
78,187
78,196
78,240
78,281
78,311
78,449
78,554
78,570
78,652
79,133
79,177
79,219
79,221
79,358
79,423
79,460
79,480
79,487
79,496
79,521
79,526
79,547
79,595
79,630
79,738
80,225
80,261
80,262
80,394
80,461
80,673
81,90
81,193
81,226
81,251
81,263
81,305
81,323
81,341
81,384
81,434
81,455
81,470
81,683
81,735
82,101
82,107
82,119
82,156
82,186
82,221
82,231
82,310
82,363
82,379
82,406
82,429
82,439
82,458
82,548
82,595
82,605
82,608
82,706
82,710
83,91
83,163
83,290
83,295
83,315
83,318
83,349
83,381
83,389
83,473
83,494
83,548
83,559
83,579
83,617
83,627
83,636
83,648
83,665
83,705
83,721
83,727
83,742
84,254
84,262
84,285
84,421
84,431
84,518
84,533
84,564
84,660
85,208
85,317
85,449
85,605
85,670
85,715
86,208
86,223
86,246
86,404
86,418
86,425
86,426
86,598
86,676
87,99
87,189
87,198
87,238
87,241
87,251
87,279
87,284
87,293
87,294
87,295
87,340
87,342
87,360
87,389
87,434
87,508
87,528
87,571
87,581
87,584
87,621
87,637
87,732
87,735
88,204
88,214
88,292
88,387
88,390
88,468
88,698
88,736
89,90
89,110
89,117
89,132
89,190
89,191
89,222
89,234
89,270
89,323
89,343
89,442
89,449
89,453
89,461
89,516
89,528
89,627
89,661
89,696
89,715
89,730
90,97
90,175
90,196
90,220
90,224
90,246
90,279
90,343
90,384
90,391
90,414
90,427
90,476
90,497
90,506
90,507
90,535
90,536
90,551
90,565
90,619
90,633
90,652
90,661
90,667
90,679
90,721
91,97
91,130
91,135
91,142
91,163
91,184
91,208
91,268
91,284
91,306
91,389
91,449
91,461
91,483
91,494
91,546
91,550
91,603
91,622
91,666
91,727
91,729
91,735
92,212
92,245
92,437
92,511
92,612
92,629
93,110
93,128
93,198
93,271
93,455
93,544
93,620
93,730
94,103
94,127
94,195
94,398
94,718
95,105
95,126
95,138
95,181
95,238
95,249
95,319
95,326
95,465
95,475
95,634
95,693
96,126
96,187
96,261
96,318
96,319
96,344
96,389
96,495
96,509
96,556
96,622
96,628
96,636
96,724
97,117
97,130
97,187
97,267
97,273
97,306
97,311
97,412
97,453
97,535
97,549
97,572
97,622
97,670
97,725
98,108
98,125
98,128
98,198
98,220
98,221
98,226
98,249
98,352
98,391
98,421
98,470
98,526
98,590
98,730
99,150
99,195
99,202
99,203
99,258
99,349
99,438
99,446
99,491
99,494
99,529
99,571
99,594
99,637
99,642
99,693
99,721
99,728
99,742
100,199
100,258
100,290
100,312
100,438
100,468
100,478
100,571
100,614
100,637
101,123
101,223
101,255
101,415
101,416
101,449
101,585
101,590
102,114
102,246
102,252
102,415
102,416
102,437
102,629
102,695
103,111
103,275
103,389
103,394
103,481
103,486
103,516
103,622
103,673
104,186
104,263
104,307
104,325
104,337
104,361
104,470
104,487
104,490
104,545
104,560
104,582
104,640
104,641
104,644
104,710
104,725
105,114
105,117
105,152
105,196
105,212
105,273
105,294
105,308
105,309
105,472
105,530
105,548
105,564
105,587
105,631
105,650
105,652
105,722
106,131
106,246
106,321
106,414
106,434
106,455
106,490
106,500
106,606
106,625
106,748
107,119
107,168
107,213
107,257
107,422
107,556
107,707
108,114
108,171
108,194
108,210
108,212
108,226
108,231
108,246
108,271
108,313
108,334
108,455
108,507
108,644
108,735
109,232
109,235
109,308
109,454
109,558
109,622
109,631
110,121
110,128
110,198
110,217
110,325
110,370
110,384
110,414
110,433
110,500
110,562
110,581
110,635
110,700
110,719
111,120
111,127
111,142
111,180
111,184
111,262
111,275
111,306
111,431
111,535
111,657
111,670
111,708
111,716
112,180
112,264
112,300
112,327
112,388
112,396
112,401
112,434
112,436
112,437
112,440
112,445
112,457
112,495
112,531
112,558
112,579
112,614
112,676
112,690
112,694
112,714
113,120
113,214
113,218
113,223
113,246
113,399
113,411
113,416
113,478
113,481
113,498
113,535
113,572
113,607
114,231
114,246
114,322
114,335
114,478
114,514
114,612
114,615
115,128
115,138
115,144
115,151
115,292
115,365
115,397
115,480
115,487
115,527
115,542
115,557
115,600
116,146
116,211
116,217
116,330
116,451
116,605
116,677
117,145
117,152
117,185
117,190
117,219
117,224
117,240
117,250
117,254
117,279
117,280
117,302
117,311
117,332
117,367
117,371
117,388
117,395
117,409
117,426
117,431
117,442
117,476
117,489
117,518
117,530
117,532
117,594
117,658
117,661
117,708
118,146
118,155
118,158
118,211
118,223
118,255
118,307
118,372
118,447
118,541
118,552
118,572
118,604
118,655
118,669
118,677
119,168
119,253
119,317
119,405
119,469
119,487
119,570
119,580
119,615
119,644
120,199
120,262
120,375
120,381
120,568
120,575
120,603
120,648
121,178
121,193
121,247
121,266
121,297
121,313
121,329
121,455
121,644
121,693
122,166
122,405
122,458
122,487
122,613
122,650
122,664
122,707
122,710
123,218
123,223
123,252
123,276
123,303
123,322
123,426
123,493
123,559
123,578
123,589
123,590
123,629
123,631
124,233
124,243
124,254
124,322
124,332
124,371
124,375
124,421
124,436
124,474
124,491
124,499
124,535
124,564
124,573
124,588
124,604
124,618
124,634
124,638
124,701
124,741
125,143
125,184
125,197
125,277
125,287
125,327
125,330
125,353
125,356
125,370
125,371
125,377
125,437
125,470
125,482
125,493
125,513
125,518
125,528
125,531
125,552
125,567
125,590
125,618
125,635
125,647
125,702
125,708
126,138
126,151
126,214
126,259
126,288
126,381
126,394
126,410
126,461
126,526
126,568
126,569
126,591
126,628
126,670
126,729
127,179
127,199
127,201
127,273
127,274
127,320
127,559
127,670
128,130
128,151
128,193
128,226
128,243
128,251
128,266
128,328
128,384
128,391
128,403
128,419
128,471
128,497
128,606
129,163
129,175
129,261
129,274
129,280
129,286
129,329
129,344
129,459
129,492
129,498
129,550
129,666
130,178
130,180
130,239
130,261
130,262
130,266
130,284
130,286
130,297
130,318
130,323
130,344
130,381
130,404
130,481
130,497
130,583
130,603
130,621
130,693
130,748
131,198
131,323
131,328
131,380
131,414
131,467
131,562
131,577
131,643
131,730
132,482
132,605
132,724
133,174
133,219
133,268
133,387
133,479
133,511
133,518
133,543
133,623
133,734
133,742
133,749
134,137
134,177
134,297
134,431
134,485
134,543
134,599
134,698
134,720
135,149
135,236
135,261
135,486
135,512
135,525
135,559
135,572
135,605
135,622
135,627
135,628
135,635
135,655
136,217
136,258
136,283
136,291
136,295
136,302
136,369
136,389
136,508
136,539
136,648
136,687
136,728
136,732
137,145
137,238
137,239
137,345
137,352
137,547
137,599
137,623
137,656
137,680
137,705
138,152
138,185
138,220
138,229
138,233
138,309
138,322
138,355
138,358
138,421
138,442
138,471
138,475
138,499
138,532
138,536
138,608
138,684
138,732
138,733
139,164
139,170
139,175
139,192
139,216
139,298
139,323
139,329
139,357
139,455
139,492
139,546
139,580
139,644
139,649
139,664
140,353
140,406
140,516
140,534
140,538
140,671
140,685
141,152
141,177
141,208
141,211
141,300
141,340
141,447
141,465
141,516
141,523
141,546
141,572
141,590
141,685
141,694
141,702
142,168
142,180
142,197
142,236
142,257
142,260
142,262
142,306
142,319
142,336
142,431
142,436
142,489
142,533
142,549
142,659
142,666
142,678
142,697
143,197
143,254
143,320
143,371
143,431
143,441
143,538
143,555
143,658
143,675
143,697
143,716
144,152
144,332
144,346
144,348
144,397
144,480
144,503
144,505
144,600
144,700
145,233
145,260
145,287
145,314
145,320
145,387
145,434
145,457
145,513
145,518
145,543
145,564
145,630
145,674
145,679
146,330
146,407
146,447
146,523
146,671
146,715
146,739
147,161
147,233
147,260
147,276
147,279
147,336
147,376
147,441
147,522
147,531
148,208
148,242
148,480
148,525
148,546
148,627
148,666
148,702
149,158
149,372
149,501
149,512
149,541
149,552
149,666
149,704
150,195
150,300
150,369
150,548
150,617
150,654
150,687
150,711
151,238
151,245
151,358
151,375
151,442
151,612
151,614
151,672
151,715
152,157
152,190
152,243
152,316
152,421
152,453
152,480
152,491
152,494
152,553
152,609
152,672
153,186
153,198
153,349
153,594
153,654
153,693
154,226
154,365
154,438
154,503
154,520
154,527
154,681
155,211
155,222
155,350
155,377
155,406
155,523
155,572
155,669
155,670
155,671
155,685
155,702
156,158
156,164
156,168
156,221
156,337
156,348
156,458
156,469
156,487
156,551
156,621
157,159
157,162
157,163
157,169
157,185
157,187
157,228
157,235
157,311
157,327
157,366
157,390
157,460
157,479
157,530
157,551
157,595
157,679
157,690
157,698
157,704
157,709
157,734
157,749
158,181
158,208
158,272
158,292
158,307
158,310
158,323
158,356
158,357
158,372
158,422
158,487
158,524
158,530
158,537
158,546
158,555
158,580
158,621
158,635
158,648
158,670
158,677
158,702
158,740
159,160
159,177
159,297
159,350
159,356
159,365
159,414
159,464
159,532
159,541
159,581
159,623
159,655
159,665
159,692
160,174
160,177
160,239
160,292
160,307
160,314
160,332
160,390
160,409
161,209
161,247
161,275
161,277
161,279
161,320
161,426
161,430
161,440
161,441
161,535
161,574
161,658
161,716
162,190
162,232
162,240
162,280
162,294
162,309
162,310
162,442
162,535
163,179
163,274
163,286
163,345
163,392
163,423
163,453
163,459
163,464
163,479
163,509
163,516
163,550
163,559
163,561
163,613
163,634
163,731
164,186
164,195
164,221
164,265
164,269
164,299
164,307
164,315
164,363
164,405
164,444
164,465
164,468
164,550
164,613
164,654
164,690
164,693
164,711
164,732
164,740
165,354
165,393
165,517
165,613
165,621
165,674
165,706
166,271
166,307
166,363
166,546
166,605
166,621
166,651
166,706
167,253
167,315
167,317
167,405
167,502
167,504
167,522
167,551
167,611
167,743
168,205
168,209
168,279
168,320
168,351
168,376
168,384
168,400
168,402
168,420
168,465
168,522
168,529
168,651
168,678
168,743
169,223
169,260
169,390
169,460
169,479
169,649
169,680
169,731
169,747
170,361
170,384
170,439
170,551
170,597
171,218
171,399
171,411
171,429
171,472
171,589
171,608
171,615
171,658
172,188
172,190
172,196
172,269
172,442
172,639
172,725
173,278
173,302
173,561
173,680
174,186
174,198
174,206
174,238
174,294
174,299
174,314
174,383
174,409
174,446
174,452
174,501
174,548
174,649
174,665
174,687
174,720
174,726
175,179
175,187
175,199
175,251
175,257
175,317
175,355
175,367
175,400
175,463
175,553
175,554
175,570
175,605
175,611
175,644
175,650
175,667
175,674
175,691
175,706
175,707
175,725
176,191
176,211
176,323
176,345
176,356
176,390
176,451
176,496
176,501
176,512
176,538
176,566
176,590
176,592
176,595
176,630
176,656
176,666
176,680
176,699
177,313
177,368
177,387
177,390
177,409
177,501
177,649
177,690
177,698
177,709
177,743
178,239
178,323
178,328
178,492
178,577
178,581
178,584
178,606
179,190
179,201
179,274
179,281
179,286
179,355
179,463
179,556
179,622
179,627
179,707
180,201
180,236
180,274
180,275
180,319
180,337
180,351
180,392
180,408
180,431
180,489
180,516
180,531
180,538
180,597
180,622
180,648
180,718
180,729
181,221
181,306
181,357
181,358
181,456
181,465
181,491
181,499
181,502
181,546
181,570
181,588
181,651
181,661
181,674
181,710
182,223
182,231
182,296
182,335
182,425
182,489
182,511
182,589
182,631
182,713
182,722
183,212
183,246
183,303
183,362
183,418
183,433
183,514
183,658
184,197
184,227
184,272
184,287
184,311
184,320
184,330
184,353
184,356
184,364
184,466
184,480
184,516
184,525
184,546
184,605
184,702
184,724
184,735
185,187
185,196
185,220
185,235
185,243
185,244
185,249
185,269
185,280
185,333
185,375
185,395
185,519
185,520
185,553
185,587
185,634
185,653
185,700
185,712
185,741
186,192
186,198
186,199
186,217
186,221
186,241
186,265
186,283
186,294
186,315
186,325
186,375
186,379
186,435
186,546
186,637
186,651
186,694
186,703
186,705
186,706
186,742
186,744
187,190
187,201
187,228
187,259
187,262
187,321
187,346
187,412
187,427
187,461
187,483
187,556
187,572
187,628
187,639
187,654
187,657
187,670
187,712
187,725
187,733
188,256
188,324
188,374
188,382
188,412
188,462
188,463
188,476
188,488
188,536
188,631
188,679
188,687
188,698
188,704
188,733
188,734
188,745
188,749
189,194
189,263
189,328
189,497
189,584
189,593
189,620
189,621
189,639
189,683
189,716
189,721
190,208
190,211
190,235
190,241
190,280
190,333
190,340
190,355
190,406
190,453
190,480
190,501
190,553
190,554
190,570
190,627
190,698
190,739
191,198
191,255
191,295
191,319
191,323
191,340
191,341
191,346
191,370
191,414
191,434
191,490
191,497
191,523
191,526
191,605
191,606
191,717
192,199
192,298
192,315
192,379
192,435
192,455
192,613
192,632
192,712
192,743
193,581
194,226
194,328
194,329
194,497
194,562
194,633
194,716
195,198
195,284
195,290
195,299
195,360
195,386
195,389
195,411
195,461
195,530
195,539
195,550
195,614
195,673
195,687
195,718
196,224
196,265
196,270
196,294
196,309
196,342
196,349
196,446
196,492
196,619
196,679
196,726
196,728
196,746
197,279
197,336
197,364
197,392
197,435
197,509
197,518
197,522
197,716
197,717
198,238
198,280
198,282
198,302
198,323
198,340
198,389
198,417
198,438
198,475
198,488
198,492
198,506
198,526
198,554
198,617
198,645
198,687
198,693
198,705
198,723
198,730
199,363
199,386
199,392
199,398
199,435
199,459
199,524
199,597
199,632
199,637
199,651
199,657
199,675
199,706
199,725
200,278
200,374
200,409
200,485
200,518
200,662
200,680
200,699
200,736
201,257
201,273
201,302
201,308
201,309
201,321
201,327
201,382
201,408
201,442
201,449
201,459
201,483
201,558
201,622
202,290
202,342
202,369
202,528
202,616
202,617
202,642
203,221
203,261
203,287
203,299
203,320
203,423
203,518
203,522
203,718
204,239
204,256
204,259
204,297
204,365
204,409
204,440
204,460
204,468
204,479
204,595
204,656
205,209
205,230
205,233
205,255
205,320
205,371
205,426
205,434
205,441
205,470
205,509
205,538
205,604
205,708
205,722
206,468
206,550
206,637
206,693
206,694
206,712
206,721
206,723
206,728
207,246
207,255
207,331
207,339
207,429
207,615
207,692
207,695
208,223
208,377
208,585
208,590
208,659
208,670
209,254
209,392
209,445
209,457
209,522
209,659
210,216
210,233
210,250
210,304
210,311
210,321
210,351
210,371
210,376
210,401
210,409
210,426
210,437
210,439
210,477
210,489
210,509
210,531
210,565
210,600
210,616
210,618
210,660
210,668
210,722
211,257
211,268
211,289
211,370
211,372
211,406
211,407
211,464
211,501
211,525
211,546
211,604
211,612
211,719
211,739
212,218
212,314
212,429
212,437
212,493
212,520
212,629
213,435
213,570
213,582
213,695
214,410
214,453
214,461
214,556
214,568
214,648
215,255
215,339
215,369
215,659
215,676
216,253
216,338
216,395
216,404
216,435
216,510
216,517
216,540
216,551
216,629
216,632
216,686
216,710
216,713
216,743
217,480
217,528
217,552
217,581
217,647
217,687
217,704
218,339
218,369
218,426
218,585
218,658
219,236
219,256
219,279
219,306
219,313
219,387
219,409
219,421
219,504
219,518
219,533
219,662
219,690
220,226
220,238
220,320
220,365
220,367
220,417
220,423
220,530
220,558
220,700
220,738
221,243
221,245
221,271
221,315
221,332
221,348
221,400
221,439
221,452
221,465
221,469
221,475
221,480
221,487
221,519
221,521
221,526
221,537
221,546
221,613
221,626
221,701
221,710
221,725
222,272
222,512
222,531
222,648
222,671
223,242
223,255
223,296
223,413
223,464
223,493
223,498
223,516
223,541
223,572
223,585
223,672
223,695
224,311
224,321
224,327
224,378
224,532
224,570
224,619
224,652
224,698
225,286
225,318
225,450
225,486
225,492
225,515
225,549
225,550
225,666
226,243
226,249
226,271
226,371
226,375
226,446
226,465
226,471
226,490
226,573
226,591
226,593
226,620
226,625
226,700
226,729
227,233
227,236
227,388
227,401
227,573
227,718
228,262
228,269
228,327
228,355
228,462
228,484
228,609
228,622
229,249
229,320
229,326
229,332
229,375
229,446
229,521
229,557
229,588
229,634
229,695
229,709
230,260
230,289
230,314
230,327
230,334
230,341
230,369
230,426
230,431
230,459
230,489
230,509
230,535
230,559
230,658
230,676
230,679
230,722
231,252
231,276
231,314
231,334
231,355
231,433
231,540
231,612
231,695
232,235
232,244
232,260
232,536
232,558
232,576
232,587
232,712
232,725
232,744
233,238
233,281
233,288
233,320
233,409
233,438
233,487
233,533
233,542
233,573
233,660
233,678
233,700
234,330
234,512
234,677
234,702
234,704
234,715
235,273
235,309
235,367
235,400
235,488
235,639
236,260
236,275
236,304
236,371
236,392
236,436
236,486
236,542
236,564
236,567
236,636
236,660
236,670
236,718
237,247
237,285
237,304
237,320
237,329
237,364
237,388
237,457
237,470
237,525
237,660
238,280
238,294
238,299
238,323
238,339
238,375
238,440
238,442
238,475
238,505
238,519
238,617
238,692
238,694
238,732
238,744
239,328
239,368
239,374
239,387
239,391
239,431
239,470
239,497
239,543
239,623
239,698
239,735
240,260
240,310
240,367
240,442
240,461
240,536
240,567
240,631
240,679
240,687
240,745
241,270
241,432
241,488
241,528
241,616
241,617
241,636
241,687
241,698
241,707
241,712
241,744
242,301
242,307
242,345
242,372
242,450
242,482
242,566
242,663
242,666
242,677
243,322
243,397
243,571
243,588
243,591
243,634
244,379
244,712
245,397
245,519
245,521
245,588
245,600
245,612
245,634
246,247
246,303
246,335
246,366
246,371
246,433
246,469
246,472
246,520
246,540
246,562
246,598
246,608
246,620
246,621
246,683
246,695
247,340
247,346
247,371
247,403
247,434
247,507
247,538
247,633
247,652
247,679
247,693
248,320
248,364
248,426
248,439
248,471
248,489
248,567
248,574
248,586
248,722
249,288
249,365
249,452
249,526
249,593
249,600
249,700
249,738
250,262
250,275
250,284
250,311
250,344
250,410
250,421
250,436
250,483
250,486
250,575
250,716
250,729
251,266
251,305
251,329
251,371
251,435
251,455
251,467
251,492
251,506
251,517
251,621
251,644
251,651
251,661
251,686
251,746
252,289
252,411
252,511
252,589
252,616
252,631
253,317
253,334
253,354
253,390
253,395
253,406
253,502
253,510
253,572
253,582
253,590
253,595
253,640
253,674
254,327
254,457
254,531
254,564
254,675
254,716
255,289
255,319
255,355
255,411
255,449
255,514
255,516
255,581
255,585
255,589
255,612
255,616
255,627
255,648
255,654
255,656
255,659
255,672
255,702
255,709
256,359
256,464
256,543
257,264
257,289
257,302
257,319
257,325
257,379
257,405
257,461
257,465
257,469
257,483
257,515
257,526
257,559
257,601
257,603
257,637
257,641
257,648
257,657
257,699
257,707
257,725
258,288
258,299
258,349
258,358
258,369
258,375
258,448
258,475
258,480
258,508
258,527
258,528
258,579
258,653
258,711
258,721
258,726
258,728
259,262
259,293
259,302
259,344
259,408
259,409
259,515
259,516
259,558
259,568
259,603
259,627
259,742
260,285
260,306
260,326
260,361
260,436
260,466
260,474
260,483
260,533
260,617
260,716
261,284
261,286
261,299
261,320
261,375
261,394
261,473
261,479
261,487
261,494
261,499
261,520
261,527
261,575
261,646
261,727
261,729
261,741
262,275
262,281
262,347
262,351
262,371
262,376
262,392
262,436
262,453
262,479
262,597
262,607
262,627
262,660
262,727
263,293
263,313
263,349
263,352
263,497
263,507
263,560
263,693
263,704
263,716
263,720
263,730
264,277
264,351
264,686
264,722
265,385
265,448
265,488
265,596
265,721
265,728
266,271
266,329
266,341
266,380
266,470
266,532
266,639
267,344
267,602
268,352
268,357
268,407
268,447
268,481
268,501
268,534
268,655
268,704
268,709
268,720
269,309
269,315
269,321
269,354
269,355
269,378
269,379
269,422
269,442
269,458
269,476
269,488
269,551
269,615
269,631
269,661
269,664
269,687
269,695
269,703
269,707
269,725
269,745
270,308
270,311
270,342
270,343
270,427
270,462
270,488
270,532
270,536
270,652
270,667
270,679
271,298
271,384
271,402
271,490
271,492
271,522
271,537
271,580
271,615
271,644
272,357
272,370
272,501
272,531
272,670
273,311
273,327
273,346
273,412
273,427
273,461
273,507
273,646
273,670
273,673
273,733
274,286
274,347
274,509
274,559
274,614
274,670
275,306
275,329
275,533
275,568
275,628
275,668
275,678
275,679
275,718
275,724
275,729
276,392
276,416
276,429
276,431
276,472
276,474
276,522
276,533
276,535
276,612
276,686
277,436
277,533
277,564
277,618
277,658
277,708
278,352
278,359
278,543
278,597
278,699
278,736
278,742
279,285
279,304
279,320
279,328
279,351
279,352
279,371
279,401
279,414
279,436
279,457
279,513
279,574
279,584
279,593
279,618
279,643
279,689
279,716
279,717
279,746
280,294
280,333
280,342
280,389
280,417
280,453
280,454
280,488
280,539
280,551
280,558
280,639
280,654
280,712
281,294
281,327
281,378
281,421
281,457
281,466
281,470
281,489
281,507
281,518
281,530
281,618
281,676
281,686
281,696
281,697
282,300
282,349
282,417
282,440
282,475
282,488
282,596
282,617
282,705
282,726
283,284
283,290
283,315
283,687
283,694
284,286
284,300
284,302
284,404
284,478
284,486
284,498
284,579
284,602
284,627
284,637
284,648
284,670
285,336
285,431
285,439
285,518
285,678
286,334
287,292
287,441
287,443
287,474
287,518
287,668
287,720
287,730
288,365
288,491
288,557
288,593
288,701
288,738
289,296
289,425
289,451
289,572
289,585
289,590
289,604
289,605
289,612
289,658
289,715
289,739
290,291
290,579
290,617
290,690
290,705
290,714
290,732
291,446
291,525
291,614
291,711
291,712
291,726
292,333
292,423
292,460
292,468
292,471
292,511
292,597
292,624
292,665
292,704
292,715
292,729
292,738
292,741
293,312
293,349
293,352
293,432
293,446
293,532
293,539
293,553
293,616
293,690
293,726
293,747
293,749
294,295
294,315
294,333
294,342
294,427
294,446
294,508
294,532
294,553
294,558
294,563
294,622
294,639
294,652
294,696
294,698
294,705
294,744
294,746
295,369
295,563
295,578
296,314
296,548
296,598
296,610
296,616
296,658
297,328
297,368
297,384
297,434
297,469
297,497
297,518
297,633
297,652
297,689
297,720
297,726
297,749
298,379
298,395
298,402
298,510
298,524
298,580
298,611
298,674
299,316
299,423
299,465
299,520
299,579
299,636
299,687
299,711
299,726
299,742
300,315
300,417
300,446
300,494
300,548
300,594
300,616
300,654
300,693
300,711
300,732
301,345
301,372
301,450
301,480
301,498
301,516
301,534
301,555
302,352
302,375
302,466
302,471
302,473
302,508
302,516
302,597
302,642
302,645
302,670
302,718
303,322
303,362
303,416
303,429
303,616
303,710
304,509
304,518
304,716
305,325
305,328
305,455
305,491
305,634
305,652
305,683
305,716
306,336
306,347
306,437
306,638
306,718
306,729
307,351
307,357
307,377
307,428
307,451
307,469
307,502
307,528
307,640
307,664
307,695
307,719
307,735
308,310
308,324
308,442
308,488
308,558
308,609
308,652
309,311
309,346
309,366
309,461
309,476
309,696
309,725
309,744
310,338
310,361
310,366
310,379
310,400
310,412
310,454
310,510
310,546
310,554
310,556
310,582
310,639
310,650
310,652
310,661
310,706
310,733
311,327
311,382
311,442
311,461
311,484
311,535
311,536
311,604
311,618
311,658
311,661
311,675
311,687
312,342
312,508
312,636
313,325
313,368
313,423
313,433
313,452
313,485
313,518
313,526
313,532
313,581
313,630
313,633
313,656
313,716
313,720
314,418
314,472
314,561
314,623
314,698
314,704
314,726
315,348
315,354
315,384
315,405
315,492
315,560
315,563
315,613
315,640
315,642
315,677
316,397
316,423
316,494
316,519
316,608
316,634
317,338
317,406
317,439
317,458
317,682
317,686
317,707
317,740
318,408
318,481
318,483
318,601
318,607
318,641
319,366
319,404
319,425
319,499
319,511
319,514
319,548
319,616
319,636
319,666
320,376
320,421
320,466
320,505
320,542
320,569
320,571
320,608
320,634
320,672
320,679
320,697
320,708
320,711
320,732
321,355
321,378
321,530
321,619
321,667
321,679
321,707
322,331
322,333
322,341
322,365
322,369
322,415
322,437
322,505
322,590
322,701
322,713
323,353
323,372
323,414
323,417
323,482
323,506
323,526
323,581
323,606
323,643
323,663
324,343
324,400
324,453
324,461
324,463
324,551
324,619
324,667
324,684
324,696
324,707
324,749
325,380
325,560
325,577
325,582
325,621
325,632
325,640
325,644
326,358
326,375
326,394
326,423
326,480
326,593
326,608
327,336
327,409
327,426
327,430
327,454
327,461
327,530
327,553
327,622
327,686
327,696
327,697
329,340
329,371
329,434
329,436
329,500
329,603
329,606
329,652
329,679
329,693
329,717
329,721
329,735
330,345
330,370
330,525
330,648
330,700
331,358
331,365
331,418
331,429
331,433
331,459
331,540
331,557
331,569
331,588
331,593
331,598
331,615
332,365
332,371
332,421
332,423
332,445
332,446
332,487
332,505
332,538
332,569
332,718
333,397
333,442
333,462
333,465
333,476
333,484
333,494
333,557
333,609
333,622
333,681
333,715
333,732
334,437
334,478
334,511
334,610
334,615
334,616
334,692
334,747
335,429
335,437
335,548
335,590
335,610
335,710
336,509
336,604
337,338
337,502
337,632
337,660
337,661
337,674
337,710
337,737
337,741
338,384
338,487
338,504
338,537
338,580
338,715
339,489
339,520
339,548
339,631
340,433
340,482
340,516
340,528
340,534
340,546
340,555
340,577
340,683
340,704
340,716
340,735
341,411
341,415
341,418
341,437
341,467
341,472
341,544
341,560
341,577
341,578
341,589
341,610
341,629
342,369
342,379
342,438
342,488
342,492
342,500
342,532
342,553
342,570
342,631
342,661
342,679
342,687
342,742
343,366
343,427
343,454
343,461
343,558
343,576
343,609
343,691
343,696
343,712
343,746
344,347
344,516
344,547
344,556
344,572
344,597
344,601
345,350
345,368
345,407
345,420
345,460
345,482
345,493
345,528
345,533
345,656
345,677
345,709
345,715
345,724
345,747
346,427
346,433
346,453
346,470
346,476
346,490
346,492
346,551
346,562
346,621
346,625
346,639
346,652
346,689
346,725
347,375
347,408
347,516
347,559
347,568
347,601
347,666
348,390
348,393
348,458
348,530
348,677
348,737
349,369
349,389
349,529
349,548
349,636
349,642
350,497
350,501
350,561
350,624
350,662
350,665
350,726
350,731
351,402
351,422
351,439
351,456
351,466
351,477
351,489
351,573
351,605
351,615
351,638
351,674
351,675
351,686
351,703
351,718
351,737
352,365
352,391
352,419
352,469
352,492
352,564
352,603
352,748
352,749
353,407
353,420
353,482
353,552
353,627
354,373
354,395
354,400
354,435
354,549
354,554
354,595
354,626
354,670
355,378
355,459
355,461
355,536
355,558
355,631
355,659
355,712
356,370
356,377
356,516
356,525
356,534
356,552
357,420
357,627
358,499
358,542
358,593
358,729
359,365
359,443
359,468
359,597
359,623
359,656
359,709
360,475
360,488
360,492
360,558
360,637
360,705
360,742
361,402
361,439
361,444
361,465
361,469
361,541
361,551
361,615
361,686
362,416
362,426
362,478
362,699
362,722
363,373
363,395
363,455
363,502
363,570
363,695
364,533
364,535
364,538
364,564
364,574
364,638
364,660
365,394
365,409
365,423
365,446
365,460
365,519
365,521
365,591
365,630
365,634
365,680
365,731
366,400
366,404
366,413
366,433
366,488
366,493
366,536
366,615
366,658
366,661
366,684
366,713
367,462
367,707
367,725
368,390
368,464
368,468
368,533
368,543
368,592
368,662
369,411
369,417
369,478
369,548
369,608
369,642
369,687
369,722
369,728
369,746
370,447
370,498
370,516
370,538
370,555
370,566
370,581
370,605
371,430
371,445
371,470
371,500
371,560
371,574
371,716
371,717
371,735
372,417
372,498
372,552
372,670
372,677
373,510
373,517
373,644
373,651
374,497
374,540
374,624
374,680
374,734
375,386
375,423
375,473
375,499
375,519
375,608
375,681
376,421
376,430
376,434
376,437
376,717
377,480
377,501
377,516
377,541
377,590
377,648
377,663
377,666
377,672
377,700
378,382
378,395
378,412
378,442
378,461
378,554
379,400
379,435
379,439
379,454
379,487
379,502
379,524
379,532
379,536
379,546
379,605
379,611
379,619
379,664
379,700
379,737
380,500
380,560
380,577
380,593
380,643
380,644
380,717
381,408
381,453
381,646
382,442
382,576
382,587
382,619
382,631
382,667
383,396
383,488
383,732
384,422
384,433
384,455
384,465
384,500
384,502
384,526
384,639
384,664
385,396
385,528
385,645
385,654
385,732
386,453
386,493
386,627
387,443
387,481
387,511
387,561
387,592
387,648
387,680
387,709
387,736
388,436
388,445
388,466
388,574
388,659
388,676
389,392
389,481
389,483
389,486
389,488
389,515
389,602
389,657
389,666
389,718
389,729
389,732
390,395
390,423
390,465
390,468
390,487
390,511
390,522
390,551
390,582
390,595
390,611
390,612
390,637
390,710
390,734
390,736
390,740
391,456
391,481
391,577
391,595
391,665
391,680
391,699
391,709
392,473
392,486
392,498
392,538
392,697
392,716
392,718
392,729
393,469
393,582
393,615
393,626
393,677
393,710
394,438
394,461
394,465
394,494
394,498
394,505
394,550
394,573
394,575
394,593
394,600
394,636
394,727
395,400
395,402
395,444
395,504
395,517
395,532
395,551
395,640
395,661
395,687
395,695
395,707
395,712
395,725
395,737
396,417
396,529
396,690
396,742
397,499
397,573
397,738
398,486
398,597
398,646
398,718
399,424
399,459
399,493
399,548
399,610
399,722
400,406
400,435
400,469
400,476
400,631
400,632
400,650
400,707
400,725
400,733
401,439
401,542
401,573
401,619
401,676
401,679
401,716
402,582
402,632
402,664
403,497
403,606
403,652
404,450
404,489
404,556
404,572
404,659
404,692
405,455
405,487
405,524
405,595
405,640
405,710
405,743
406,444
406,502
406,524
406,528
406,605
406,669
406,672
406,675
406,702
406,725
406,743
407,516
407,642
407,655
407,685
407,704
408,564
408,729
409,431
409,434
409,466
409,511
409,522
409,533
409,538
409,586
409,592
409,618
409,630
409,658
409,699
409,709
409,722
409,742
410,601
410,603
410,607
410,648
411,417
411,426
411,429
411,430
411,478
411,508
411,559
411,616
411,631
411,645
411,705
412,427
412,462
412,484
412,622
412,696
412,725
413,489
413,520
413,548
413,589
413,722
414,464
414,565
414,581
414,625
414,639
414,652
414,748
415,459
415,489
416,429
416,695
417,449
417,523
417,528
417,571
417,616
417,635
417,636
417,647
417,677
417,714
417,728
417,744
418,514
418,559
418,589
418,610
419,497
419,526
419,748
420,501
420,546
420,670
420,704
421,437
421,520
421,533
421,668
421,718
421,722
422,456
422,502
422,546
422,611
422,632
423,431
423,446
423,465
423,491
423,542
423,557
423,699
423,700
424,433
424,437
424,478
424,514
424,520
424,615
425,459
425,511
425,514
425,540
425,590
425,629
425,695
425,699
426,429
426,433
426,533
426,540
426,560
426,586
426,658
426,659
426,686
426,719
427,463
427,488
427,587
427,609
427,687
428,451
428,501
428,724
429,437
429,511
429,514
429,520
429,598
429,631
429,710
429,713
430,513
430,535
430,564
430,618
430,678
431,464
431,474
431,489
431,496
431,518
431,659
431,679
431,699
431,726
431,731
432,475
432,528
432,529
432,726
433,469
433,497
433,545
433,548
433,577
433,648
433,699
433,721
433,722
433,730
433,748
434,470
434,474
434,489
434,525
434,526
434,563
434,581
434,618
434,668
434,708
434,743
434,748
435,439
435,517
435,551
435,640
435,641
435,664
435,725
436,722
437,509
437,548
437,564
437,608
437,610
437,616
437,659
437,697
438,446
438,452
438,475
438,494
438,528
438,529
438,721
438,726
438,732
438,744
439,517
439,522
439,533
439,564
439,567
439,632
439,661
439,677
439,707
439,743
440,495
440,529
440,637
440,656
440,726
441,618
442,480
442,650
442,687
442,712
442,741
442,744
442,745
442,746
443,452
443,698
443,720
444,661
445,686
445,708
445,716
446,465
446,539
446,593
446,715
447,498
447,735
448,539
448,614
448,645
448,654
449,528
449,533
449,545
449,548
449,627
449,649
449,672
449,724
449,735
450,459
450,480
450,556
450,581
450,590
450,597
450,622
450,688
450,729
451,501
451,512
451,635
451,671
452,471
452,497
452,521
452,533
452,561
452,701
453,461
453,486
453,619
453,622
453,639
453,646
453,648
453,744
454,576
454,712
454,745
455,458
455,469
455,502
455,522
455,595
455,606
455,621
455,643
455,651
455,652
455,675
455,730
455,748
456,523
456,613
456,712
456,748
457,471
457,518
457,567
457,586
457,604
457,612
457,660
457,697
458,465
458,580
458,595
458,611
458,613
458,632
458,675
458,707
459,481
459,610
459,612
459,615
459,628
459,636
460,518
460,543
460,597
461,515
461,549
461,554
461,559
461,576
461,688
462,631
462,687
462,707
463,619
463,639
463,733
464,541
464,547
464,555
464,561
464,566
464,627
464,669
464,690
464,742
465,480
465,487
465,504
465,595
465,651
465,674
465,675
465,681
465,682
465,701
466,509
466,522
466,535
466,538
466,638
466,658
466,660
466,679
466,716
466,722
467,492
467,506
467,526
467,584
467,606
467,693
468,508
468,529
468,550
468,558
468,596
468,616
468,636
468,642
468,649
468,698
468,714
468,747
469,470
469,560
469,620
469,695
470,509
470,577
470,697
471,534
471,544
471,557
471,642
471,701
472,489
472,557
472,658
472,713
472,722
473,666
474,496
474,522
474,538
474,573
474,595
474,597
474,599
474,618
474,623
474,708
475,571
475,588
475,636
475,715
476,488
476,535
476,648
476,667
476,691
477,531
477,586
477,722
478,489
478,514
478,540
478,558
478,568
478,578
478,594
478,610
478,629
478,633
478,699
478,712
478,728
478,732
478,742
479,481
479,485
479,486
479,515
479,568
479,607
479,662
479,720
479,749
480,499
480,520
480,575
480,588
480,634
480,635
480,700
480,719
480,739
481,501
481,549
481,628
481,648
481,670
481,718
481,742
482,493
482,498
482,534
482,538
482,541
482,581
482,605
482,666
482,671
482,724
483,568
483,575
483,715
484,570
484,639
485,592
485,595
485,623
485,656
485,680
485,690
485,692
486,515
486,549
486,729
487,505
487,520
487,580
487,634
487,651
487,682
487,740
487,743
488,554
488,558
488,619
488,687
488,691
488,696
488,712
488,721
488,726
488,744
488,749
489,520
489,542
489,559
489,573
489,621
489,659
489,660
489,676
489,686
489,710
489,716
490,492
490,560
490,716
490,721
490,735
491,521
491,588
491,624
491,672
492,526
492,539
492,553
492,636
492,644
492,694
492,716
492,724
493,511
493,525
493,555
493,589
493,631
494,516
494,520
494,549
494,646
494,652
494,653
494,715
494,729
495,548
496,543
496,597
496,630
496,749
497,501
497,623
497,742
497,749
498,556
498,603
498,604
498,646
498,648
498,663
498,677
498,719
499,571
499,600
499,738
499,741
501,518
501,523
501,533
501,566
501,590
501,595
501,604
501,605
501,649
501,655
501,711
501,730
502,517
502,537
502,546
502,621
502,675
502,677
502,737
503,505
503,519
503,700
503,741
504,537
504,615
504,640
504,664
504,703
504,743
505,741
506,577
506,643
507,526
507,530
507,587
507,652
507,661
507,679
507,693
507,746
508,529
508,553
509,522
509,550
509,567
509,586
509,708
509,718
509,722
510,517
511,543
511,608
511,615
511,623
511,630
511,649
511,690
511,692
511,695
511,722
512,534
512,581
513,522
513,533
513,638
513,659
514,608
514,631
514,658
514,692
515,572
515,601
515,718
516,525
516,550
516,568
516,581
516,648
516,673
516,700
517,615
517,621
517,682
518,522
518,624
518,656
519,520
519,557
519,569
519,588
519,593
519,634
519,672
519,732
519,738
520,591
520,653
520,710
520,713
520,738
521,542
521,569
521,700
522,524
522,542
522,564
522,580
522,637
522,660
522,675
522,676
522,677
522,682
522,743
523,528
523,531
523,552
523,647
523,685
523,719
524,560
524,582
524,611
524,613
524,640
524,703
525,669
525,739
526,560
526,620
526,625
526,672
526,683
526,693
527,588
527,591
528,538
528,647
528,654
528,671
528,705
528,714
530,621
530,627
530,630
530,631
530,649
530,700
530,705
530,733
531,533
531,534
531,535
531,541
531,581
531,605
531,627
531,648
531,655
531,660
531,666
531,675
531,679
532,553
532,587
532,624
532,641
532,665
532,684
532,698
533,542
533,638
533,686
533,717
533,722
534,538
534,546
534,604
534,666
534,739
535,658
535,661
535,675
535,679
535,687
535,691
536,558
536,576
536,609
536,619
536,721
537,551
537,611
537,621
537,629
537,632
537,664
538,573
538,635
538,638
538,658
538,676
538,700
539,578
539,579
539,617
539,636
539,642
539,693
540,692
541,572
541,677
542,564
542,574
542,593
542,618
542,672
542,700
543,547
543,690
543,698
543,726
544,545
545,581
545,625
545,634
545,639
545,716
546,556
546,604
546,605
546,626
546,644
546,655
546,669
546,675
546,725
547,603
547,665
547,720
547,742
548,578
548,616
548,665
548,695
548,711
548,723
549,572
549,597
549,602
550,594
550,614
550,636
550,642
550,693
550,714
551,558
551,570
551,587
551,605
551,644
551,661
551,706
551,712
552,719
552,744
553,617
553,636
553,654
553,707
553,712
553,721
554,576
554,745
555,635
555,671
555,685
556,559
556,570
556,615
556,648
556,688
556,703
556,718
558,616
558,637
558,712
558,714
558,725
559,612
559,615
559,616
559,631
559,670
559,722
560,581
560,595
560,606
560,644
560,735
561,597
561,662
561,698
562,633
562,746
563,579
563,642
563,645
563,728
564,668
564,718
565,581
565,584
565,639
565,730
567,638
567,697
568,602
568,657
569,715
570,621
570,639
570,677
570,710
570,744
571,616
571,653
571,681
571,693
571,712
572,666
572,715
573,634
573,664
573,678
574,659
574,717
575,603
575,622
575,657
575,718
576,687
577,590
577,716
578,579
578,645
578,658
578,728
579,690
579,726
579,732
581,621
581,633
581,704
581,724
581,735
581,748
582,613
582,632
582,710
583,593
583,717
585,590
585,598
585,629
585,635
585,658
585,666
586,736
587,639
588,593
589,598
589,676
589,692
590,608
590,648
590,694
590,699
590,710
591,634
591,741
592,624
593,684
593,738
593,741
593,746
593,748
594,637
594,712
595,626
595,649
595,680
595,709
597,599
597,627
597,630
597,662
597,666
597,726
597,749
601,636
601,646
602,648
602,657
603,627
603,628
603,644
604,640
604,676
604,677
604,700
605,613
605,627
605,651
605,671
605,702
605,706
605,707
605,739
606,633
606,717
608,732
609,696
609,712
609,744
610,612
610,692
610,744
611,641
611,644
611,650
611,664
611,737
612,692
613,640
613,644
613,658
613,674
613,703
614,642
614,654
614,694
614,723
615,629
615,637
615,695
615,703
615,706
615,710
616,629
616,642
616,665
616,676
616,690
616,692
616,710
616,713
617,637
617,665
618,658
618,676
618,716
619,622
619,696
619,707
619,712
619,733
620,621
620,625
620,634
620,721
620,748
621,626
621,640
621,661
621,712
621,716
621,725
621,737
622,631
622,648
622,673
622,679
622,691
623,749
624,634
624,656
624,662
624,692
625,633
625,643
625,652
625,748
626,661
626,710
627,636
627,666
627,670
627,735
628,657
628,718
630,656
630,690
630,692
631,691
631,733
631,746
632,674
632,703
633,683
633,735
634,729
634,734
636,648
636,670
636,693
636,712
636,714
636,721
636,732
637,661
637,703
637,710
637,711
638,668
638,708
639,696
639,698
639,749
640,675
641,737
642,654
642,714
643,717
644,664
644,730
644,746
645,654
645,723
645,732
648,657
648,685
648,727
649,720
650,652
650,664
650,674
650,691
650,707
651,661
652,689
652,746
653,701
653,741
654,665
654,714
656,709
657,718
658,699
658,718
658,722
660,675
660,678
661,677
661,707
661,725
661,737
661,746
662,699
662,749
663,669
663,719
664,695
665,680
665,690
665,711
665,723
665,742
666,670
666,677
666,715
667,684
668,686
668,722
669,670
669,715
669,735
670,735
671,701
672,700
672,729
672,732
672,747
674,706
674,708
675,677
675,686
675,707
675,717
676,686
676,716
676,722
677,695
678,679
678,716
678,718
679,691
680,698
680,731
683,721
683,730
685,735
685,739
686,707
686,717
686,740
687,693
687,694
688,718
690,699
690,714
690,726
690,732
691,749
692,699
694,712
695,706
695,722
695,725
695,737
698,720
699,709
703,743
704,735
705,711
708,717
709,726
710,743
711,728
712,725
716,717
720,736
721,744
724,739
725,740
726,736
726,742
733,744
734,736
736,747
737,738
737,743
